{"cameraMode":{"drawMode":0,"name":"Shaded","section":"Shading Mode"},"sceneLighting":false,"audioPlay":false,"sceneViewState":{"showFog":true,"showMaterialUpdate":false,"showSkybox":false,"showFlares":true,"showImageEffects":true,"showParticleSystems":true,"showVisualEffectGraphs":true,"m_FxEnabled":true},"in2DMode":false,"pivot":{"x":0.5388197302818298,"y":-0.44728735089302065,"z":4.087051868438721},"rotation":{"x":0.0841149315237999,"y":0.04812304675579071,"z":-0.004044925794005394,"w":0.9953116774559021},"size":4.559930324554443,"orthographic":false}