{"cameraMode":{"drawMode":0,"name":"Shaded","section":"Shading Mode"},"sceneLighting":false,"audioPlay":false,"sceneViewState":{"showFog":true,"showMaterialUpdate":false,"showSkybox":false,"showFlares":true,"showImageEffects":true,"showParticleSystems":true,"showVisualEffectGraphs":true,"m_FxEnabled":true},"in2DMode":false,"pivot":{"x":-7.669139862060547,"y":-5.561904430389404,"z":14.536694526672364},"rotation":{"x":0.15469035506248475,"y":-0.27626821398735049,"z":0.045033395290374759,"w":0.9475328922271729},"size":10.920249938964844,"orthographic":false}