{"cameraMode":{"drawMode":0,"name":"Shaded","section":"Shading Mode"},"sceneLighting":false,"audioPlay":false,"sceneViewState":{"showFog":true,"showMaterialUpdate":false,"showSkybox":false,"showFlares":true,"showImageEffects":true,"showParticleSystems":true,"showVisualEffectGraphs":true,"m_FxEnabled":true},"in2DMode":false,"pivot":{"x":-0.16473141312599183,"y":0.13622450828552247,"z":-0.341120183467865},"rotation":{"x":0.26334959268569949,"y":0.3799762725830078,"z":-0.11316350847482681,"w":0.8798612356185913},"size":2.598076105117798,"orthographic":false}