{"cameraMode":{"drawMode":0,"name":"Shaded","section":"Shading Mode"},"sceneLighting":true,"audioPlay":false,"sceneViewState":{"showFog":true,"showMaterialUpdate":false,"showSkybox":true,"showFlares":true,"showImageEffects":true,"showParticleSystems":true,"showVisualEffectGraphs":true,"m_FxEnabled":true},"in2DMode":false,"pivot":{"x":802.2716674804688,"y":129.9053192138672,"z":20.698776245117189},"rotation":{"x":0.006894903723150492,"y":0.031494900584220889,"z":-0.00021410852787084877,"w":0.9994853138923645},"size":642.6278076171875,"orthographic":false}