{"cameraMode":{"drawMode":0,"name":"Shaded","section":"Shading Mode"},"sceneLighting":false,"audioPlay":false,"sceneViewState":{"showFog":true,"showMaterialUpdate":false,"showSkybox":false,"showFlares":true,"showImageEffects":true,"showParticleSystems":true,"showVisualEffectGraphs":true,"m_FxEnabled":true},"in2DMode":false,"pivot":{"x":-0.3554452657699585,"y":-0.5489001870155335,"z":2.936190605163574},"rotation":{"x":0.13373541831970216,"y":-0.08204265683889389,"z":0.011707537807524205,"w":0.9878820776939392},"size":3.7980759143829347,"orthographic":false}