{"cameraMode":{"drawMode":0,"name":"Shaded","section":"Shading Mode"},"sceneLighting":false,"audioPlay":false,"sceneViewState":{"showFog":true,"showMaterialUpdate":false,"showSkybox":false,"showFlares":true,"showImageEffects":true,"showParticleSystems":true,"showVisualEffectGraphs":true,"m_FxEnabled":true},"in2DMode":false,"pivot":{"x":0.598949670791626,"y":0.19092655181884767,"z":1.2939386367797852},"rotation":{"x":0.16399000585079194,"y":-0.6413959264755249,"z":0.14296378195285798,"w":0.7357291579246521},"size":0.5715798735618591,"orthographic":false}