{"cameraMode":{"drawMode":0,"name":"Shaded","section":"Shading Mode"},"sceneLighting":true,"audioPlay":false,"sceneViewState":{"showFog":true,"showMaterialUpdate":false,"showSkybox":true,"showFlares":true,"showImageEffects":true,"showParticleSystems":true,"showVisualEffectGraphs":true,"m_FxEnabled":true},"in2DMode":false,"pivot":{"x":6.648863792419434,"y":242.5372772216797,"z":60.40016174316406},"rotation":{"x":-0.042863618582487109,"y":0.15079164505004884,"z":0.010125575587153435,"w":0.9880943894386292},"size":26.169450759887697,"orthographic":false}