{"cameraMode":{"drawMode":0,"name":"Shaded","section":"Shading Mode"},"sceneLighting":false,"audioPlay":false,"sceneViewState":{"showFog":true,"showMaterialUpdate":false,"showSkybox":false,"showFlares":true,"showImageEffects":true,"showParticleSystems":true,"showVisualEffectGraphs":true,"m_FxEnabled":true},"in2DMode":false,"pivot":{"x":-0.7799999713897705,"y":250.1300048828125,"z":244.6999969482422},"rotation":{"x":0.01011513452976942,"y":0.00857266504317522,"z":0.0005244144704192877,"w":1.0002278089523316},"size":2.366025447845459,"orthographic":false}