{"cameraMode":{"drawMode":0,"name":"Shaded","section":"Shading Mode"},"sceneLighting":true,"audioPlay":false,"sceneViewState":{"showFog":true,"showMaterialUpdate":false,"showSkybox":true,"showFlares":true,"showImageEffects":true,"showParticleSystems":true,"showVisualEffectGraphs":true,"m_FxEnabled":true},"in2DMode":false,"pivot":{"x":0.8272092938423157,"y":1.8191020488739014,"z":4.759749412536621},"rotation":{"x":0.14404387772083283,"y":0.03393515571951866,"z":-0.005406547803431749,"w":0.9892467856407166},"size":35.51350784301758,"orthographic":false}