{"cameraMode":{"drawMode":0,"name":"Shaded","section":"Shading Mode"},"sceneLighting":false,"audioPlay":false,"sceneViewState":{"showFog":true,"showMaterialUpdate":false,"showSkybox":false,"showFlares":true,"showImageEffects":true,"showParticleSystems":true,"showVisualEffectGraphs":true,"m_FxEnabled":true},"in2DMode":false,"pivot":{"x":1.2002780437469483,"y":39.076351165771487,"z":-9.338872909545899},"rotation":{"x":0.010927231051027775,"y":-0.6481639742851257,"z":0.008929271250963211,"w":0.7616018652915955},"size":0.5715800523757935,"orthographic":false}