{"cameraMode":{"drawMode":0,"name":"Shaded","section":"Shading Mode"},"sceneLighting":true,"audioPlay":false,"sceneViewState":{"showFog":true,"showMaterialUpdate":false,"showSkybox":true,"showFlares":true,"showImageEffects":true,"showParticleSystems":true,"showVisualEffectGraphs":true,"m_FxEnabled":true},"in2DMode":false,"pivot":{"x":0.029258280992507936,"y":0.09017615765333176,"z":-0.0741870105266571},"rotation":{"x":-0.046714406460523608,"y":0.5777371525764465,"z":-0.033146243542432788,"w":-0.814243495464325},"size":0.0922916978597641,"orthographic":false}