{"cameraMode":{"drawMode":0,"name":"Shaded","section":"Shading Mode"},"sceneLighting":true,"audioPlay":false,"sceneViewState":{"showFog":true,"showMaterialUpdate":false,"showSkybox":true,"showFlares":true,"showImageEffects":true,"showParticleSystems":true,"showVisualEffectGraphs":true,"m_FxEnabled":true},"in2DMode":false,"pivot":{"x":214.07220458984376,"y":89.50299072265625,"z":-37.785614013671878},"rotation":{"x":-0.18374112248420716,"y":0.013856769539415837,"z":-0.0025903736241161825,"w":-0.9828734993934631},"size":544.5135498046875,"orthographic":false}